id,first_name,last_name,email,gender
1,Starlin,Work,swork0@fema.gov,Female
2,Lucio,Crich,lcrich1@hp.com,Male
3,Valdemar,Benard,vbenard2@cafepress.com,Male
4,Tomas,Minget,tminget3@cisco.com,Male
5,Honor,Eggleton,heggleton4@blogs.com,Female
6,Elfie,Bolsteridge,ebolsteridge5@reuters.com,Female
7,Riva,Kenwell,rkenwell6@bluehost.com,Female
8,Jany,Rummer,jrummer7@state.tx.us,Genderfluid
9,Arel,Schulter,aschulter8@admin.ch,Non_binary
10,Felicdad,Glantz,fglantz9@mlb.com,Female
11,Marguerite,Vine,mvinea@spotify.com,Female
12,Tammie,Ingrem,tingremb@tripadvisor.com,Female
13,Jacob,Portingale,jportingalec@123-reg.co.uk,Bigender
14,Fredrika,Forbear,fforbeard@mapy.cz,Female
15,Mercedes,Le Strange,mlestrangee@vimeo.com,Female
16,Hali,Tardiff,htardifff@narod.ru,Female
17,Marven,Kalkofen,mkalkofeng@weather.com,Male
18,Benedetto,Stocken,bstockenh@chicagotribune.com,Male
19,Lenci,Whitmell,lwhitmelli@cornell.edu,Male
20,Johnath,Rides,jridesj@tinyurl.com,Female
21,Camel,Kleingrub,ckleingrubk@mayoclinic.com,Female
22,Evanne,Gemson,egemsonl@adobe.com,Female
23,Yehudit,Camois,ycamoism@deviantart.com,Male
24,Zsa zsa,Tille,ztillen@fotki.com,Female
25,Danielle,Rudland,drudlando@shop-pro.jp,Female
26,Sky,Creddon,screddonp@apache.org,Agender
27,Cathrine,Watman,cwatmanq@paginegialle.it,Female
28,Urbain,MacCurtain,umaccurtainr@cafepress.com,Male
29,Pall,Bloodworth,pbloodworths@people.com.cn,Male
30,Lenci,Ranklin,lranklint@who.int,Male
31,Say,Espinola,sespinolau@google.pl,Male
32,Samson,Forcer,sforcerv@usda.gov,Male
33,Rosaline,Niccolls,rniccollsw@ifeng.com,Female
34,Hastings,Brailsford,hbrailsfordx@imageshack.us,Male
35,Glen,Corgenvin,gcorgenviny@w3.org,Female
36,Leopold,Blakeley,lblakeleyz@bbb.org,Male
37,Jolene,Bricknell,jbricknell10@woothemes.com,Female
38,Miner,Heffernon,mheffernon11@abc.net.au,Male
39,Bellina,Northbridge,bnorthbridge12@homestead.com,Female
40,Fanya,Coatts,fcoatts13@hud.gov,Female
41,Consalve,Sent,csent14@techcrunch.com,Male
42,Leshia,Bourgaize,lbourgaize15@squidoo.com,Female
43,Toinette,Hanny,thanny16@census.gov,Female
44,Shepperd,Balfe,sbalfe17@ehow.com,Male
45,Fraser,Abrashkov,fabrashkov18@eventbrite.com,Male
46,Abbie,Robb,arobb19@ed.gov,Male
47,Egbert,Truwert,etruwert1a@typepad.com,Male
48,Betsy,Carthew,bcarthew1b@toplist.cz,Female
49,Hube,Cerie,hcerie1c@slate.com,Male
50,Garret,Po,gpo1d@latimes.com,Male
51,Amby,Maytum,amaytum1e@devhub.com,Male
52,Dahlia,Cerith,dcerith1f@ask.com,Female
53,Hannie,Smail,hsmail1g@nymag.com,Female
54,Karleen,Schoolcroft,kschoolcroft1h@google.pl,Agender
55,Gabie,Dagg,gdagg1i@aboutads.info,Bigender
56,Brocky,Craiker,bcraiker1j@jimdo.com,Male
57,Tarra,Manson,tmanson1k@networkadvertising.org,Female
58,Natala,Maylor,nmaylor1l@w3.org,Female
59,Lissi,Emanuelov,lemanuelov1m@prlog.org,Female
60,Valery,Simonin,vsimonin1n@google.co.uk,Female
61,Briny,Newby,bnewby1o@angelfire.com,Female
62,Heloise,Faichnie,hfaichnie1p@constantcontact.com,Female
63,Edward,McCarry,emccarry1q@gnu.org,Male
64,Agustin,Lippitt,alippitt1r@dropbox.com,Male
65,Andriette,Andreichik,aandreichik1s@xrea.com,Female
66,Aristotle,Gomm,agomm1t@simplemachines.org,Male
67,Agustin,Wilfing,awilfing1u@washington.edu,Male
68,Susy,Gatherer,sgatherer1v@opera.com,Female
69,Evy,Dockrey,edockrey1w@noaa.gov,Female
70,Ricky,McCalum,rmccalum1x@techcrunch.com,Female
71,Doralin,St. Leger,dstleger1y@paginegialle.it,Female
72,Tisha,Gonnard,tgonnard1z@nydailynews.com,Female
73,Cass,Knagges,cknagges20@bloomberg.com,Male
74,Pat,Tapsfield,ptapsfield21@stumbleupon.com,Male
75,Rorie,McClune,rmcclune22@creativecommons.org,Agender
76,Vinni,McDougle,vmcdougle23@earthlink.net,Female
77,Gail,Olensby,golensby24@google.es,Male
78,Rolf,Crippill,rcrippill25@ocn.ne.jp,Male
79,Zonda,Fortesquieu,zfortesquieu26@bloomberg.com,Female
80,Erinn,Naile,enaile27@ovh.net,Female
81,Isabelita,Roselli,iroselli28@pcworld.com,Female
82,Tracie,Kenny,tkenny29@irs.gov,Female
83,Yasmin,Gallymore,ygallymore2a@cnet.com,Female
84,Mellisa,Janczyk,mjanczyk2b@loc.gov,Female
85,Freddie,Penburton,fpenburton2c@youku.com,Male
86,Em,Gavozzi,egavozzi2d@t-online.de,Male
87,Archy,Mesias,amesias2e@reuters.com,Male
88,Huntlee,Carlisle,hcarlisle2f@japanpost.jp,Male
89,Otho,Barrand,obarrand2g@google.de,Male
90,Dorotea,Gething,dgething2h@networksolutions.com,Female
91,Phil,Hartland,phartland2i@who.int,Male
92,Tanney,Cherm,tcherm2j@cpanel.net,Male
93,Keenan,Huggard,khuggard2k@berkeley.edu,Male
94,Cordie,Ghiraldi,cghiraldi2l@rediff.com,Male
95,Gabriello,Whitwood,gwhitwood2m@state.tx.us,Male
96,Bone,Sowten,bsowten2n@flickr.com,Genderqueer
97,Arnold,Budding,abudding2o@mediafire.com,Male
98,Cecilia,Filippi,cfilippi2p@columbia.edu,Female
99,Caralie,Dimond,cdimond2q@csmonitor.com,Female
100,Kelly,Jeremiah,kjeremiah2r@ebay.com,Female
101,Alfonse,Gorden,agorden2s@google.com.au,Male
102,Saba,Lawrinson,slawrinson2t@weibo.com,Female
103,Gizela,Samson,gsamson2u@sciencedaily.com,Female
104,Fan,Danilin,fdanilin2v@goodreads.com,Female
105,Bibby,Greer,bgreer2w@etsy.com,Female
106,Archie,Lafranconi,alafranconi2x@jalbum.net,Male
107,Meredith,Schaumaker,mschaumaker2y@liveinternet.ru,Male
108,Jennette,Casetti,jcasetti2z@ow.ly,Female
109,Nettle,Varfalameev,nvarfalameev30@lycos.com,Female
110,Karl,De Bischof,kdebischof31@economist.com,Male
111,Barnaby,Vobes,bvobes32@theguardian.com,Male
112,Kalil,Andric,kandric33@independent.co.uk,Male
113,Jesus,Lauthian,jlauthian34@jigsy.com,Male
114,Janka,Haszard,jhaszard35@comcast.net,Female
115,Kristian,Markl,kmarkl36@constantcontact.com,Male
116,Rayna,Ingle,ringle37@ibm.com,Female
117,Paten,O'Moylane,pomoylane38@deliciousdays.com,Male
118,Kaila,Vanlint,kvanlint39@wufoo.com,Non_binary
119,Julie,Wissby,jwissby3a@so-net.ne.jp,Female
120,Enoch,Lerven,elerven3b@mapquest.com,Male
121,Parry,Gerriets,pgerriets3c@toplist.cz,Male
122,Shandeigh,Kantor,skantor3d@webmd.com,Female
123,Walliw,Pendock,wpendock3e@delicious.com,Female
124,Vania,Claiton,vclaiton3f@wordpress.com,Female
125,Wyn,Skoate,wskoate3g@topsy.com,Agender
126,Theodor,O'Devey,todevey3h@gravatar.com,Male
127,Minda,Paprotny,mpaprotny3i@ask.com,Female
128,Marvin,Crosson,mcrosson3j@biblegateway.com,Male
129,Abbey,Gullyes,agullyes3k@theglobeandmail.com,Male
130,Olympia,Eatherton,oeatherton3l@independent.co.uk,Genderqueer
131,Rolando,Saller,rsaller3m@weather.com,Male
132,Gabriell,Brabbs,gbrabbs3n@google.nl,Female
133,Carmel,Ferrotti,cferrotti3o@ifeng.com,Female
134,Chaddy,Goodrich,cgoodrich3p@google.com.hk,Male
135,Opaline,Antonetti,oantonetti3q@slideshare.net,Female
136,Barnard,Szymczyk,bszymczyk3r@technorati.com,Male
137,Billy,McWard,bmcward3s@dyndns.org,Female
138,Fancie,Raymont,fraymont3t@google.de,Agender
139,Basil,Habberjam,bhabberjam3u@ucoz.com,Male
140,Chrysa,Gerritzen,cgerritzen3v@angelfire.com,Female
141,Stillmann,Legg,slegg3w@ted.com,Male
142,Norbie,Lopes,nlopes3x@google.es,Male
143,Eal,Wrettum,ewrettum3y@weibo.com,Male
144,Joly,Sholem,jsholem3z@craigslist.org,Female
145,Sheela,Nesterov,snesterov40@hhs.gov,Female
146,Monro,Alans,malans41@ibm.com,Male
147,Annetta,Brack,abrack42@ucsd.edu,Female
148,Clim,Burriss,cburriss43@sfgate.com,Male
149,Boycie,Dulwitch,bdulwitch44@nba.com,Genderqueer
150,Mirabelle,Vernalls,mvernalls45@yolasite.com,Female
151,Jacenta,Farfoot,jfarfoot46@baidu.com,Female
152,Dar,Tipperton,dtipperton47@virginia.edu,Male
153,Rickie,Keppy,rkeppy48@mapy.cz,Female
154,Desi,Pontefract,dpontefract49@fastcompany.com,Male
155,Tandy,Friedlos,tfriedlos4a@ed.gov,Female
156,Morten,Give,mgive4b@fema.gov,Male
157,Beckie,Kimblin,bkimblin4c@wikimedia.org,Female
158,Dory,Coveny,dcoveny4d@senate.gov,Female
159,Franky,Grote,fgrote4e@youtube.com,Male
160,Jasmina,Sargeant,jsargeant4f@unc.edu,Female
161,Corinna,Hymas,chymas4g@sciencedaily.com,Female
162,Adolf,Marjoribanks,amarjoribanks4h@tripadvisor.com,Male
163,Marcela,Gilling,mgilling4i@bluehost.com,Female
164,Alva,Turpey,aturpey4j@diigo.com,Male
165,Fraser,Steuhlmeyer,fsteuhlmeyer4k@tripadvisor.com,Male
166,Hobard,Dahler,hdahler4l@tripod.com,Male
167,Sumner,Summersett,ssummersett4m@tmall.com,Male
168,Laurens,Instock,linstock4n@apple.com,Bigender
169,Tedman,Corday,tcorday4o@ucla.edu,Male
170,Freeland,Biaggi,fbiaggi4p@walmart.com,Male
171,Laina,Twiname,ltwiname4q@cargocollective.com,Female
172,Kissie,Di Franceschi,kdifranceschi4r@time.com,Female
173,Cammy,Siemens,csiemens4s@last.fm,Male
174,Kit,Seabright,kseabright4t@quantcast.com,Female
175,Madeline,Goodison,mgoodison4u@mtv.com,Female
176,Demetria,Whisby,dwhisby4v@ucsd.edu,Female
177,Orsola,Flay,oflay4w@joomla.org,Female
178,Mikaela,Ruttgers,mruttgers4x@taobao.com,Female
179,Gale,Fury,gfury4y@prweb.com,Male
180,Sherlocke,Pethybridge,spethybridge4z@time.com,Male
181,Winnifred,Cristofanini,wcristofanini50@google.it,Female
182,Kathy,Zavittieri,kzavittieri51@tiny.cc,Female
183,Malcolm,Lilie,mlilie52@reuters.com,Male
184,Ebonee,Antoni,eantoni53@home.pl,Female
185,Shannon,Vynehall,svynehall54@miitbeian.gov.cn,Female
186,Susann,Wass,swass55@godaddy.com,Female
187,Lyssa,MacGillivrie,lmacgillivrie56@walmart.com,Female
188,Wilmette,Glasscock,wglasscock57@angelfire.com,Female
189,Drusy,Smith,dsmith58@altervista.org,Non_binary
190,Garry,Weagener,gweagener59@oracle.com,Male
191,Daniel,Simonsson,dsimonsson5a@usa.gov,Male
192,Claretta,Oram,coram5b@hp.com,Female
193,Hilly,Jiggens,hjiggens5c@wordpress.org,Male
194,Elinor,Viveash,eviveash5d@parallels.com,Female
195,Anson,Kersaw,akersaw5e@cdc.gov,Male
196,Oren,Ludye,oludye5f@utexas.edu,Male
197,Elmore,Dullingham,edullingham5g@tripod.com,Male
198,Orlando,Annesley,oannesley5h@chron.com,Male
199,De,Sharper,dsharper5i@prlog.org,Female
200,Terrell,Hurdedge,thurdedge5j@google.com.br,Male
201,Tony,Pache,tpache5k@goo.gl,Polygender
202,Florance,Domanek,fdomanek5l@irs.gov,Female
203,Corabelle,Headingham,cheadingham5m@unblog.fr,Female
204,Itch,Hargreaves,ihargreaves5n@sfgate.com,Male
205,Alexia,Parzis,aparzis5o@sohu.com,Female
206,Kurtis,Dawbury,kdawbury5p@privacy.gov.au,Male
207,Dara,Motherwell,dmotherwell5q@fda.gov,Female
208,Araldo,Garrie,agarrie5r@163.com,Male
209,Ahmed,Dodsworth,adodsworth5s@hao123.com,Male
210,Taber,Lonergan,tlonergan5t@opensource.org,Male
211,Gawain,Woolstenholmes,gwoolstenholmes5u@sciencedaily.com,Bigender
212,Archy,Rhodef,arhodef5v@theglobeandmail.com,Male
213,Candida,Cleugh,ccleugh5w@wunderground.com,Agender
214,Ruthie,Ritmeier,rritmeier5x@booking.com,Female
215,Nikos,Durdy,ndurdy5y@jigsy.com,Male
216,Adelheid,Mayers,amayers5z@wired.com,Female
217,Etan,Bodker,ebodker60@list-manage.com,Male
218,Gelya,McGeneay,gmcgeneay61@youtube.com,Female
219,Dalila,Gower,dgower62@techcrunch.com,Female
220,Matti,Allender,mallender63@google.nl,Female
221,Darrin,Kall,dkall64@amazon.co.uk,Male
222,Alastair,Unwins,aunwins65@businesswire.com,Male
223,Audra,Cabedo,acabedo66@cornell.edu,Female
224,Umberto,Ebsworth,uebsworth67@so-net.ne.jp,Bigender
225,Mireielle,Ronchetti,mronchetti68@free.fr,Female
226,Saudra,Riccioppo,sriccioppo69@blog.com,Agender
227,Shanon,Alliot,salliot6a@dagondesign.com,Female
228,Cacilie,Choldcroft,ccholdcroft6b@mail.ru,Female
229,Lura,Trank,ltrank6c@nydailynews.com,Female
230,Perren,Nend,pnend6d@amazon.co.jp,Male
231,Niels,I'anson,nianson6e@hao123.com,Male
232,Freeland,Ply,fply6f@lulu.com,Male
233,Eugenio,Norcross,enorcross6g@artisteer.com,Male
234,Emma,Abrami,eabrami6h@google.es,Female
235,Marie-jeanne,Skentelbery,mskentelbery6i@seattletimes.com,Female
236,Kayle,Wasmer,kwasmer6j@hc360.com,Female
237,Levin,Fozzard,lfozzard6k@tiny.cc,Male
238,Vincenty,Baudrey,vbaudrey6l@ucoz.ru,Male
239,Kellyann,Blazewski,kblazewski6m@tripadvisor.com,Female
240,Wallie,Selbie,wselbie6n@lulu.com,Female
241,Townie,Maydwell,tmaydwell6o@woothemes.com,Male
242,Welbie,Shergill,wshergill6p@ustream.tv,Male
243,Lettie,Santoro,lsantoro6q@cnet.com,Female
244,Lani,MacDougall,lmacdougall6r@taobao.com,Female
245,Chaddie,Ricold,cricold6s@mac.com,Male
246,Allistir,Yeoland,ayeoland6t@parallels.com,Genderfluid
247,Martainn,Laxson,mlaxson6u@reference.com,Male
248,Wes,Mateiko,wmateiko6v@storify.com,Male
249,Neron,Barrow,nbarrow6w@japanpost.jp,Male
250,Wendy,MacGuiness,wmacguiness6x@rambler.ru,Female
251,Enrico,Studart,estudart6y@miibeian.gov.cn,Male
252,Adelaida,Dupre,adupre6z@mtv.com,Female
253,Rosetta,Inkin,rinkin70@liveinternet.ru,Female
254,Caty,MacKnight,cmacknight71@booking.com,Female
255,Elia,Goulbourne,egoulbourne72@g.co,Male
256,Inglis,Andrichak,iandrichak73@engadget.com,Male
257,Muire,Glas,mglas74@friendfeed.com,Female
258,Geri,Leach,gleach75@plala.or.jp,Female
259,Lira,Matschoss,lmatschoss76@nifty.com,Female
260,Bastien,Blakeley,bblakeley77@xing.com,Male
261,Louie,Hawksley,lhawksley78@state.tx.us,Male
262,Darcie,Wellington,dwellington79@cbsnews.com,Female
263,Dniren,Galletly,dgalletly7a@irs.gov,Female
264,Goober,Isoldi,gisoldi7b@nature.com,Male
265,Horace,Storms,hstorms7c@wordpress.com,Male
266,Neville,Fobidge,nfobidge7d@bloomberg.com,Genderqueer
267,Franciska,Alcock,falcock7e@stanford.edu,Female
268,Devonna,Maccree,dmaccree7f@yellowpages.com,Female
269,Nerissa,Dundredge,ndundredge7g@msn.com,Female
270,Boyce,Giveen,bgiveen7h@paypal.com,Male
271,Jerri,Catonne,jcatonne7i@flavors.me,Male
272,Alphard,Swains,aswains7j@microsoft.com,Male
273,Izabel,Gridon,igridon7k@spotify.com,Female
274,Kacie,Humphrys,khumphrys7l@tamu.edu,Female
275,Alecia,Okenden,aokenden7m@omniture.com,Female
276,Bertrand,Filyakov,bfilyakov7n@npr.org,Male
277,Benjamin,Meugens,bmeugens7o@paypal.com,Male
278,Hillard,Syratt,hsyratt7p@bandcamp.com,Male
279,Noll,Kelle,nkelle7q@bing.com,Male
280,Scottie,Emor,semor7r@statcounter.com,Male
281,Cornell,Haggar,chaggar7s@bbb.org,Male
282,Brandon,Corney,bcorney7t@comcast.net,Genderqueer
283,Cherianne,Elbourn,celbourn7u@alexa.com,Female
284,Fields,Matokhnin,fmatokhnin7v@google.pl,Bigender
285,Geri,Sherar,gsherar7w@topsy.com,Female
286,Constantina,Tilbey,ctilbey7x@stumbleupon.com,Female
287,Nanette,Mallabon,nmallabon7y@ocn.ne.jp,Female
288,Malissa,Van der Beek,mvanderbeek7z@fda.gov,Female
289,Alic,Rennick,arennick80@usnews.com,Male
290,Bev,Collier,bcollier81@youtu.be,Male
291,Jarrid,Glasner,jglasner82@posterous.com,Male
292,Felice,McKibbin,fmckibbin83@google.ca,Female
293,Eliot,Elner,eelner84@ning.com,Male
294,Rafaelia,Caustic,rcaustic85@omniture.com,Female
295,Oswald,Gravett,ogravett86@craigslist.org,Male
296,Martainn,Pescud,mpescud87@amazon.co.jp,Male
297,Duane,Youdell,dyoudell88@amazon.com,Agender
298,Gert,McGeoch,gmcgeoch89@list-manage.com,Female
299,Joe,Vayne,jvayne8a@paginegialle.it,Male
300,Colby,Abramcik,cabramcik8b@bizjournals.com,Male
301,Jenda,Mathonnet,jmathonnet8c@angelfire.com,Female
302,Ramon,Palomba,rpalomba8d@va.gov,Male
303,Vicky,Emma,vemma8e@mtv.com,Female
304,Analiese,Fitzsimons,afitzsimons8f@dell.com,Female
305,Jerrome,Tabbernor,jtabbernor8g@pinterest.com,Male
306,Moise,Schiesterl,mschiesterl8h@earthlink.net,Male
307,Ida,Maynard,imaynard8i@businesswire.com,Female
308,Darrell,Devorill,ddevorill8j@4shared.com,Male
309,Claresta,Stopford,cstopford8k@slashdot.org,Female
310,Corbett,Obington,cobington8l@chicagotribune.com,Male
311,Rebecca,Sterman,rsterman8m@rediff.com,Female
312,Portie,Stanes,pstanes8n@sbwire.com,Male
313,Winnifred,Paliser,wpaliser8o@bloomberg.com,Female
314,Chelsie,O'Kinedy,cokinedy8p@paypal.com,Female
315,Karil,Glandon,kglandon8q@yahoo.com,Female
316,Patton,Segges,psegges8r@statcounter.com,Male
317,Bethina,Farriar,bfarriar8s@time.com,Female
318,Robin,Blamey,rblamey8t@jimdo.com,Female
319,Erny,Girdwood,egirdwood8u@about.com,Male
320,Alexandros,Smitten,asmitten8v@psu.edu,Male
321,Willie,Wegman,wwegman8w@independent.co.uk,Female
322,Jami,Danilovitch,jdanilovitch8x@amazon.com,Female
323,Silvio,MacNeilly,smacneilly8y@google.cn,Male
324,Bruno,Lovstrom,blovstrom8z@facebook.com,Male
325,Budd,Humbee,bhumbee90@histats.com,Male
326,Clarita,Laxe,claxe91@rediff.com,Female
327,Wittie,Pierse,wpierse92@imageshack.us,Male
328,Dynah,Androli,dandroli93@ca.gov,Female
329,Felicio,Earengey,fearengey94@desdev.cn,Male
330,Tanya,Peacham,tpeacham95@sfgate.com,Female
331,Rabbi,Allcroft,rallcroft96@webs.com,Male
332,Nisse,Chastenet,nchastenet97@earthlink.net,Female
333,Xena,Shenton,xshenton98@timesonline.co.uk,Bigender
334,Darci,Giannini,dgiannini99@biblegateway.com,Female
335,Amanda,Size,asize9a@jalbum.net,Female
336,Rosanne,Melato,rmelato9b@wikia.com,Female
337,Cchaddie,Dudley,cdudley9c@elegantthemes.com,Male
338,Boote,Massimi,bmassimi9d@example.com,Genderfluid
339,Flynn,Dell 'Orto,fdellorto9e@yahoo.co.jp,Male
340,Richmond,Ebhardt,rebhardt9f@aboutads.info,Male
341,Augustus,June,ajune9g@hp.com,Male
342,Jacky,Stodit,jstodit9h@google.ru,Female
343,Kean,O'Doohaine,kodoohaine9i@multiply.com,Male
344,Killy,Escot,kescot9j@loc.gov,Male
345,Riva,Avramov,ravramov9k@prnewswire.com,Female
346,Modesty,Linfoot,mlinfoot9l@flavors.me,Female
347,Klement,Howgate,khowgate9m@shareasale.com,Male
348,Benedikt,Gurery,bgurery9n@unesco.org,Male
349,Hyacinth,Leefe,hleefe9o@i2i.jp,Female
350,Anson,Milella,amilella9p@shop-pro.jp,Male
351,Timi,Tumilty,ttumilty9q@ebay.com,Female
352,Marin,De Andreis,mdeandreis9r@icio.us,Female
353,Vonni,Anespie,vanespie9s@bbc.co.uk,Female
354,Loria,Brownsmith,lbrownsmith9t@g.co,Genderqueer
355,Johnathon,Winspear,jwinspear9u@wikia.com,Male
356,Caresa,Garnall,cgarnall9v@soup.io,Female
357,Ricard,Peebles,rpeebles9w@ted.com,Male
358,Gabriele,Rogers,grogers9x@army.mil,Bigender
359,Audry,Raynor,araynor9y@archive.org,Female
360,Leupold,Portress,lportress9z@mysql.com,Male
361,Jonathon,Dodamead,jdodameada0@senate.gov,Male
362,Christabel,Dirand,cdiranda1@naver.com,Female
363,Marisa,Tyer,mtyera2@blog.com,Female
364,Cesya,Bettanay,cbettanaya3@discuz.net,Female
365,Sheena,Clohisey,sclohiseya4@psu.edu,Genderqueer
366,Anatola,Darnell,adarnella5@alexa.com,Female
367,Lavinie,Durbin,ldurbina6@uiuc.edu,Polygender
368,Isidor,Blackburne,iblackburnea7@cbsnews.com,Male
369,Keen,Burstowe,kburstowea8@livejournal.com,Male
370,Shari,Etridge,setridgea9@accuweather.com,Female
371,Brenn,Jaqueme,bjaquemeaa@phpbb.com,Female
372,Federica,Fitzackerley,ffitzackerleyab@delicious.com,Female
373,Wendel,Libby,wlibbyac@drupal.org,Male
374,Grange,Hattam,ghattamad@imgur.com,Male
375,Linda,Gopsell,lgopsellae@vimeo.com,Female
376,Cathrin,Stag,cstagaf@chronoengine.com,Female
377,Gaston,Cockell,gcockellag@ucsd.edu,Genderfluid
378,Devi,Duignan,dduignanah@deviantart.com,Female
379,Marten,Bowerman,mbowermanai@dmoz.org,Male
380,Helenelizabeth,Fazakerley,hfazakerleyaj@a8.net,Female
381,Silva,Ashbridge,sashbridgeak@go.com,Female
382,Vicki,Rawes,vrawesal@youtu.be,Bigender
383,Whitby,Birdis,wbirdisam@psu.edu,Polygender
384,Kalina,Howcroft,khowcroftan@intel.com,Female
385,Susanne,Ferrey,sferreyao@typepad.com,Female
386,Pris,Menure,pmenureap@howstuffworks.com,Female
387,Lennard,McGebenay,lmcgebenayaq@telegraph.co.uk,Male
388,Jae,Sendall,jsendallar@about.com,Male
389,Prescott,MacMechan,pmacmechanas@about.me,Male
390,Ruthann,Pepler,rpeplerat@tinypic.com,Female
391,Verina,Siderfin,vsiderfinau@stanford.edu,Female
392,Claribel,Keymer,ckeymerav@rediff.com,Female
393,Maximilien,Axten,maxtenaw@ucsd.edu,Male
394,Hyatt,Schwieso,hschwiesoax@merriam-webster.com,Male
395,Aurelia,O' Markey,aomarkeyay@icio.us,Female
396,Jasper,Uwins,juwinsaz@economist.com,Male
397,Terrell,Ilyinski,tilyinskib0@skype.com,Male
398,Piotr,Dunmore,pdunmoreb1@ifeng.com,Male
399,Burnard,Plaschke,bplaschkeb2@dagondesign.com,Non_binary
400,Liam,Tures,lturesb3@fc2.com,Male
401,Elladine,Stelljes,estelljesb4@ibm.com,Female
402,Leela,Spinney,lspinneyb5@exblog.jp,Female
403,Cher,Boxall,cboxallb6@dell.com,Female
404,Karalynn,Durran,kdurranb7@psu.edu,Non_binary
405,Gusty,Queree,gquereeb8@geocities.com,Female
406,Cammy,Lauchlan,clauchlanb9@independent.co.uk,Female
407,Sholom,Barry,sbarryba@1und1.de,Male
408,Reider,Argent,rargentbb@flavors.me,Male
409,Ludwig,Mangam,lmangambc@fc2.com,Male
410,Wenda,Whitbread,wwhitbreadbd@cpanel.net,Female
411,Dieter,Tomadoni,dtomadonibe@ocn.ne.jp,Male
412,Chrissy,MacGahey,cmacgaheybf@wikia.com,Male
413,Agnesse,Haack,ahaackbg@altervista.org,Female
414,Fiorenze,Eskriet,feskrietbh@merriam-webster.com,Non_binary
415,Linnell,Dinan,ldinanbi@cyberchimps.com,Female
416,Debbie,Copp,dcoppbj@myspace.com,Female
417,Bibbye,Ricardon,bricardonbk@macromedia.com,Female
418,Myrtia,Farrar,mfarrarbl@nationalgeographic.com,Female
419,Saunders,Mahaddy,smahaddybm@ucla.edu,Male
420,Catlaina,Cheers,ccheersbn@nasa.gov,Female
421,Graham,Champe,gchampebo@zdnet.com,Male
422,Craggy,Bruntjen,cbruntjenbp@prweb.com,Male
423,Ardene,McIlwreath,amcilwreathbq@artisteer.com,Female
424,Bayard,Cosgriff,bcosgriffbr@google.nl,Male
425,Cammie,Dowdell,cdowdellbs@tinypic.com,Female
426,Heidie,Jinkinson,hjinkinsonbt@google.com.au,Female
427,Clerissa,Wallage,cwallagebu@slideshare.net,Female
428,Fanchette,Atter,fatterbv@rambler.ru,Female
429,Adriano,MacDwyer,amacdwyerbw@pcworld.com,Male
430,Eamon,Chesters,echestersbx@networksolutions.com,Male
431,Ewan,Krout,ekroutby@domainmarket.com,Male
432,Jarrod,Slograve,jslogravebz@arizona.edu,Agender
433,Averill,Beggin,abegginc0@discuz.net,Polygender
434,Valera,Joy,vjoyc1@instagram.com,Polygender
435,Helge,Wakerley,hwakerleyc2@discovery.com,Female
436,Rutger,Sneath,rsneathc3@vimeo.com,Male
437,Filippo,Fripps,ffrippsc4@scientificamerican.com,Male
438,Burton,Reimers,breimersc5@ihg.com,Male
439,Larina,Crumby,lcrumbyc6@blogtalkradio.com,Female
440,Bamby,Davley,bdavleyc7@utexas.edu,Female
441,Alex,Jenney,ajenneyc8@ask.com,Genderfluid
442,Philippine,Langeley,plangeleyc9@phoca.cz,Female
443,Sascha,Fawlks,sfawlksca@twitter.com,Genderqueer
444,Hermy,Wardel,hwardelcb@ucoz.ru,Male
445,Larina,Plet,lpletcc@msu.edu,Female
446,Tobie,Sporton,tsportoncd@telegraph.co.uk,Male
447,Ethe,Malecky,emaleckyce@ucsd.edu,Agender
448,Margeaux,Milner,mmilnercf@stumbleupon.com,Female
449,Allister,Sandcraft,asandcraftcg@abc.net.au,Male
450,Minnaminnie,Pitcaithley,mpitcaithleych@woothemes.com,Female
451,Heda,Ciccotti,hciccottici@ucsd.edu,Female
452,Sayre,MacRory,smacrorycj@yahoo.co.jp,Bigender
453,Margie,Esel,meselck@taobao.com,Female
454,Becca,Geldert,bgeldertcl@howstuffworks.com,Female
455,Neila,MacGillespie,nmacgillespiecm@senate.gov,Agender
456,Otho,Rake,orakecn@sogou.com,Male
457,Lanette,Lamshead,llamsheadco@spiegel.de,Female
458,Colet,Ismead,cismeadcp@exblog.jp,Male
459,Fleur,Bote,fbotecq@usgs.gov,Polygender
460,Ramonda,Norval,rnorvalcr@nih.gov,Female
461,Worth,Mancktelow,wmancktelowcs@buzzfeed.com,Male
462,Delmore,Indruch,dindruchct@auda.org.au,Male
463,Annmaria,Harler,aharlercu@sbwire.com,Female
464,Bobette,Dimmer,bdimmercv@va.gov,Female
465,Orrin,Asple,oasplecw@blinklist.com,Male
466,Rosabel,O'Rudden,roruddencx@typepad.com,Female
467,Clari,Derricoat,cderricoatcy@house.gov,Female
468,Ephrem,Bellwood,ebellwoodcz@noaa.gov,Male
469,Bradley,Tierney,btierneyd0@dailymotion.com,Agender
470,Shani,Redish,sredishd1@bravesites.com,Female
471,Kennedy,Marshal,kmarshald2@trellian.com,Male
472,Isidoro,Cansdall,icansdalld3@cdc.gov,Male
473,Alecia,Seegar,aseegard4@lulu.com,Female
474,Chandal,Jennison,cjennisond5@ucoz.ru,Female
475,Manfred,Rottcher,mrottcherd6@army.mil,Male
476,Marrilee,Rosoni,mrosonid7@hhs.gov,Female
477,Jesse,Graser,jgraserd8@msu.edu,Male
478,Cozmo,Kench,ckenchd9@cdc.gov,Male
479,Cymbre,Kimbly,ckimblyda@myspace.com,Female
480,Bambie,Lantuffe,blantuffedb@cornell.edu,Female
481,Alma,Bleibaum,ableibaumdc@barnesandnoble.com,Female
482,Cassie,Embery,cemberydd@com.com,Male
483,Ario,Hundley,ahundleyde@ezinearticles.com,Male
484,Laina,Glader,lgladerdf@360.cn,Polygender
485,Zacharia,Vidgen,zvidgendg@sun.com,Male
486,Mari,Willoughley,mwilloughleydh@fda.gov,Female
487,Hercule,Van der Brug,hvanderbrugdi@pen.io,Male
488,Vida,Perryman,vperrymandj@devhub.com,Female
489,Felicio,Mathwen,fmathwendk@newsvine.com,Polygender
490,Farra,Blaszczak,fblaszczakdl@quantcast.com,Female
491,Joy,Aprahamian,japrahamiandm@amazon.com,Bigender
492,Burton,Serotsky,bserotskydn@privacy.gov.au,Male
493,Nanny,MacAllen,nmacallendo@stumbleupon.com,Agender
494,Stavro,Horsewood,shorsewooddp@bbc.co.uk,Male
495,Cooper,Patinkin,cpatinkindq@ucoz.com,Male
496,Barbara,Calderonello,bcalderonellodr@etsy.com,Female
497,Bailey,Parrot,bparrotds@bandcamp.com,Non_binary
498,Alysia,Bedborough,abedboroughdt@utexas.edu,Female
499,Jehanna,Clausius,jclausiusdu@cisco.com,Female
500,Carl,Lansdowne,clansdownedv@canalblog.com,Male
501,Arlan,Moxted,amoxteddw@discovery.com,Male
502,Heinrik,Morecombe,hmorecombedx@technorati.com,Male
503,Leonard,Brannigan,lbrannigandy@reddit.com,Male
504,Ced,Fanti,cfantidz@boston.com,Male
505,Jamil,Girke,jgirkee0@vimeo.com,Male
506,Stephan,Cristou,scristoue1@usgs.gov,Male
507,Emmet,Withers,ewitherse2@networkadvertising.org,Male
508,Monro,Helkin,mhelkine3@narod.ru,Male
509,Anthe,Macbeth,amacbethe4@amazon.de,Female
510,Cassi,Arghent,carghente5@typepad.com,Genderfluid
511,Lorilee,Ferreri,lferrerie6@kickstarter.com,Female
512,Brade,Acklands,backlandse7@state.tx.us,Male
513,Mandy,Lasty,mlastye8@theglobeandmail.com,Female
514,Vail,Brent,vbrente9@w3.org,Male
515,Rose,Trayes,rtrayesea@taobao.com,Female
516,Syd,Tregensoe,stregensoeeb@hugedomains.com,Male
517,Chevalier,Finney,cfinneyec@whitehouse.gov,Male
518,Phyllis,Ellcome,pellcomeed@amazon.co.uk,Female
519,Dolf,Rushbrooke,drushbrookeee@nasa.gov,Male
520,Janeta,Peers,jpeersef@jimdo.com,Female
521,Genevieve,Von Helmholtz,gvonhelmholtzeg@usa.gov,Genderfluid
522,Dunstan,Ollivier,dolliviereh@youtube.com,Male
523,Isador,Cauley,icauleyei@ustream.tv,Male
524,Vi,Olczyk,volczykej@squidoo.com,Female
525,Clemente,Dunsmore,cdunsmoreek@independent.co.uk,Male
526,Cynthie,Defond,cdefondel@addtoany.com,Female
527,Maurita,Wigmore,mwigmoreem@army.mil,Female
528,Tomas,Cassley,tcassleyen@shop-pro.jp,Male
529,Grier,Elgee,gelgeeeo@ifeng.com,Female
530,Patty,Keysel,pkeyselep@networkadvertising.org,Female
531,Netti,Skipping,nskippingeq@reuters.com,Female
532,Lorin,Mangeot,lmangeoter@youtube.com,Male
533,Ollie,Oels,ooelses@wix.com,Female
534,Abbot,Slator,aslatoret@va.gov,Male
535,Danella,De Malchar,ddemalchareu@cnn.com,Female
536,Blaine,Crichten,bcrichtenev@china.com.cn,Male
537,Miles,Veart,mveartew@jigsy.com,Male
538,Osmund,Gittis,ogittisex@slate.com,Male
539,Tana,Gookes,tgookesey@netscape.com,Female
540,Oliviero,Lukash,olukashez@myspace.com,Male
541,Aridatha,Stowte,astowtef0@chronoengine.com,Female
542,Elenore,Keeler,ekeelerf1@nyu.edu,Female
543,Robby,Skelhorn,rskelhornf2@networksolutions.com,Male
544,Pernell,Oddy,poddyf3@canalblog.com,Male
545,Brian,Hillborne,bhillbornef4@macromedia.com,Polygender
546,Donielle,Malby,dmalbyf5@si.edu,Agender
547,Kore,Well,kwellf6@naver.com,Female
548,Dilly,Robottham,drobotthamf7@foxnews.com,Male
549,Siegfried,Spurdle,sspurdlef8@is.gd,Male
550,Amory,Handes,ahandesf9@fotki.com,Non_binary
551,Ingrid,Dederick,idederickfa@mozilla.org,Female
552,Allyce,Blaza,ablazafb@slashdot.org,Female
553,Erda,Fewkes,efewkesfc@wordpress.com,Female
554,Roth,Gristock,rgristockfd@harvard.edu,Male
555,Geno,Dabling,gdablingfe@scribd.com,Male
556,Noellyn,Grennan,ngrennanff@printfriendly.com,Female
557,Nowell,O'Flannery,noflanneryfg@acquirethisname.com,Male
558,Quill,O'Fairy,qofairyfh@hud.gov,Male
559,Rosene,Ortega,rortegafi@rakuten.co.jp,Female
560,Malva,Huge,mhugefj@1688.com,Genderqueer
561,Shawnee,Schleswig-Holstein,sschleswigholsteinfk@cornell.edu,Female
562,Frans,Style,fstylefl@webmd.com,Male
563,Ermentrude,Dangl,edanglfm@blinklist.com,Female
564,Vally,Schuler,vschulerfn@google.ru,Female
565,Dorolisa,Gheraldi,dgheraldifo@cbc.ca,Female
566,Derward,Faulkner,dfaulknerfp@constantcontact.com,Male
567,Rosana,Honnicott,rhonnicottfq@prweb.com,Genderfluid
568,Mendie,Victor,mvictorfr@imdb.com,Male
569,Arty,Gange,agangefs@hexun.com,Male
570,Wilt,Delve,wdelveft@loc.gov,Male
571,Natalee,Medeway,nmedewayfu@pen.io,Female
572,Pembroke,Maile,pmailefv@dion.ne.jp,Male
573,Ab,Juniper,ajuniperfw@bloglines.com,Male
574,Gerardo,Ridpath,gridpathfx@ask.com,Male
575,Germain,Garham,ggarhamfy@github.com,Female
576,Tedda,Keightley,tkeightleyfz@privacy.gov.au,Female
577,Penny,Celier,pcelierg0@kickstarter.com,Male
578,Obie,Akett,oakettg1@discovery.com,Genderfluid
579,Whitaker,O'Hartnedy,wohartnedyg2@redcross.org,Male
580,Jay,Cleen,jcleeng3@mapquest.com,Non_binary
581,Sabrina,Delaprelle,sdelaprelleg4@cdc.gov,Female
582,Bard,Tuer,btuerg5@canalblog.com,Male
583,Abeu,Germon,agermong6@hubpages.com,Polygender
584,Finn,Kochs,fkochsg7@reverbnation.com,Male
585,Bo,Leyburn,bleyburng8@shop-pro.jp,Agender
586,Leontine,Silbermann,lsilbermanng9@hc360.com,Female
587,Antonius,Scolts,ascoltsga@taobao.com,Male
588,Shane,Siene,ssienegb@elegantthemes.com,Female
589,Ileana,Brenton,ibrentongc@wsj.com,Female
590,Jeremias,Stockey,jstockeygd@example.com,Male
591,Mair,Southerns,msouthernsge@prnewswire.com,Bigender
592,Prudi,Olerenshaw,polerenshawgf@utexas.edu,Female
593,Guglielma,Dymick,gdymickgg@stanford.edu,Female
594,Dyana,Haskew,dhaskewgh@domainmarket.com,Female
595,Ashien,Petchey,apetcheygi@surveymonkey.com,Female
596,Merrilee,Ladd,mladdgj@apache.org,Female
597,Dante,Airds,dairdsgk@chicagotribune.com,Male
598,Garey,Aherne,gahernegl@parallels.com,Male
599,Ario,Harrold,aharroldgm@vkontakte.ru,Male
600,Hollyanne,Claricoats,hclaricoatsgn@tripod.com,Agender
601,Kinna,Hall,khallgo@naver.com,Female
602,Emelen,Garratt,egarrattgp@eepurl.com,Male
603,Maje,Glascott,mglascottgq@toplist.cz,Male
604,Erminie,Fatkin,efatkingr@mozilla.com,Female
605,Benoite,Cattellion,bcattelliongs@jugem.jp,Female
606,Niel,Richardot,nrichardotgt@gravatar.com,Male
607,Dalis,Strewthers,dstrewthersgu@rambler.ru,Male
608,Daffi,Rozalski,drozalskigv@google.nl,Female
609,Caroljean,Feldheim,cfeldheimgw@discuz.net,Female
610,Mortimer,Boxhill,mboxhillgx@unc.edu,Male
611,Evy,Brabbins,ebrabbinsgy@cyberchimps.com,Female
612,Winonah,Leverett,wleverettgz@theatlantic.com,Female
613,Natal,Cohr,ncohrh0@ebay.co.uk,Male
614,Bobby,Stovold,bstovoldh1@yahoo.co.jp,Male
615,Lilith,Nussen,lnussenh2@netscape.com,Bigender
616,Roseann,Kondrat,rkondrath3@ifeng.com,Female
617,Stearne,Allcroft,sallcrofth4@cocolog-nifty.com,Male
618,Florencia,Keming,fkemingh5@noaa.gov,Female
619,Ted,Bellefant,tbellefanth6@sitemeter.com,Male
620,Aura,Loughman,aloughmanh7@scientificamerican.com,Female
621,Westley,Cellier,wcellierh8@diigo.com,Male
622,Izak,Benny,ibennyh9@shinystat.com,Male
623,Cassondra,MacDwyer,cmacdwyerha@google.co.jp,Female
624,Donn,Secret,dsecrethb@facebook.com,Male
625,Marjorie,Westmore,mwestmorehc@omniture.com,Female
626,Trudey,Wasiela,twasielahd@bloglines.com,Female
627,Shanna,Warden,swardenhe@cafepress.com,Female
628,Lela,Furbank,lfurbankhf@japanpost.jp,Female
629,Clemence,Barck,cbarckhg@webnode.com,Female
630,Tisha,Le Friec,tlefriechh@phoca.cz,Female
631,Harley,Kincey,hkinceyhi@harvard.edu,Female
632,Malena,Rodmell,mrodmellhj@mtv.com,Female
633,Kayne,Perell,kperellhk@tinypic.com,Agender
634,Meade,Fremantle,mfremantlehl@ifeng.com,Male
635,Reeba,Foux,rfouxhm@cbc.ca,Female
636,Channa,Eberlein,ceberleinhn@army.mil,Female
637,Krysta,Karlmann,kkarlmannho@blinklist.com,Female
638,Davis,Bortolozzi,dbortolozzihp@theguardian.com,Male
639,Marlowe,Brind,mbrindhq@seesaa.net,Genderfluid
640,Gage,Cosgrove,gcosgrovehr@quantcast.com,Male
641,Adina,Bauckham,abauckhamhs@xrea.com,Female
642,Amanda,Blyde,ablydeht@yahoo.co.jp,Female
643,Benedetto,McDill,bmcdillhu@purevolume.com,Male
644,Brett,Postan,bpostanhv@wp.com,Female
645,Corly,Batchley,cbatchleyhw@bloomberg.com,Female
646,Keelby,Elsbury,kelsburyhx@rambler.ru,Male
647,Andrey,Van der Daal,avanderdaalhy@unicef.org,Genderfluid
648,Renie,Pickervance,rpickervancehz@de.vu,Female
649,Aldous,Stihl,astihli0@ezinearticles.com,Male
650,Lisha,Davall,ldavalli1@slate.com,Female
651,Barnebas,Alelsandrovich,balelsandrovichi2@examiner.com,Male
652,Sandy,Sambells,ssambellsi3@theatlantic.com,Genderqueer
653,Rochester,Gresch,rgreschi4@eepurl.com,Male
654,Kitti,Farrens,kfarrensi5@wiley.com,Female
655,Christin,Dabney,cdabneyi6@bluehost.com,Female
656,Abbot,Vazquez,avazquezi7@pagesperso-orange.fr,Male
657,Sayre,Dallander,sdallanderi8@sfgate.com,Male
658,Melantha,Lammiman,mlammimani9@google.co.uk,Female
659,Darrick,Stratten,dstrattenia@pagesperso-orange.fr,Male
660,Francoise,Holme,fholmeib@360.cn,Female
661,Fae,Orlton,forltonic@digg.com,Female
662,Tonie,Cranfield,tcranfieldid@jiathis.com,Female
663,Cameron,Salzburger,csalzburgerie@sciencedirect.com,Male
664,Mariann,Woolbrook,mwoolbrookif@java.com,Female
665,Phoebe,Seys,pseysig@qq.com,Female
666,Lea,Flynn,lflynnih@reverbnation.com,Genderqueer
667,Barri,Birkinshaw,bbirkinshawii@princeton.edu,Male
668,Winona,Llopis,wllopisij@shutterfly.com,Agender
669,Nerta,Whitchurch,nwhitchurchik@chicagotribune.com,Female
670,Wayland,Blackman,wblackmanil@gravatar.com,Male
671,Jesse,Malham,jmalhamim@cocolog-nifty.com,Female
672,Erick,Craister,ecraisterin@nbcnews.com,Male
673,Dawna,Rickardes,drickardesio@exblog.jp,Female
674,Rosamund,Fordham,rfordhamip@salon.com,Female
675,Hebert,Ellerton,hellertoniq@indiatimes.com,Male
676,Joscelin,Laidlaw,jlaidlawir@guardian.co.uk,Female
677,Jed,Dello,jdellois@bigcartel.com,Agender
678,Stanwood,Topaz,stopazit@noaa.gov,Male
679,Sabrina,Grier,sgrieriu@redcross.org,Female
680,Arleta,Drayson,adraysoniv@bbb.org,Female
681,Kris,Dupre,kdupreiw@foxnews.com,Male
682,Querida,Mantz,qmantzix@blogspot.com,Genderqueer
683,Marje,Philott,mphilottiy@seesaa.net,Female
684,Cheslie,Probbin,cprobbiniz@va.gov,Female
685,Dalton,Merrien,dmerrienj0@ca.gov,Non_binary
686,Courtnay,MacClay,cmacclayj1@pcworld.com,Female
687,Averill,Tully,atullyj2@ca.gov,Genderqueer
688,Cherice,Tesdale,ctesdalej3@constantcontact.com,Bigender
689,Vernen,Jorin,vjorinj4@hc360.com,Male
690,Rhys,Brecknall,rbrecknallj5@forbes.com,Bigender
691,Silas,Frears,sfrearsj6@cbc.ca,Male
692,Shepherd,Brahm,sbrahmj7@google.com.hk,Male
693,Jocelyn,Cornejo,jcornejoj8@auda.org.au,Female
694,Bartie,Lattimer,blattimerj9@networksolutions.com,Male
695,Raleigh,Leward,rlewardja@fotki.com,Male
696,Norri,Wakeley,nwakeleyjb@seattletimes.com,Female
697,Mickey,Di Biagi,mdibiagijc@nhs.uk,Male
698,Pammy,Jzak,pjzakjd@dell.com,Female
699,Celesta,Josefsson,cjosefssonje@cloudflare.com,Non_binary
700,Jami,Rous,jrousjf@msu.edu,Female
701,Simona,Sparshott,ssparshottjg@newyorker.com,Genderqueer
702,Olenolin,Jackes,ojackesjh@behance.net,Male
703,Anya,Cutmore,acutmoreji@paginegialle.it,Female
704,Humphrey,Suero,hsuerojj@mail.ru,Male
705,Florie,Bartaloni,fbartalonijk@loc.gov,Female
706,Dexter,Prosch,dproschjl@archive.org,Male
707,Humfrid,McGillacoell,hmcgillacoelljm@earthlink.net,Male
708,Mitch,Karolovsky,mkarolovskyjn@angelfire.com,Male
709,Misha,Foxen,mfoxenjo@vistaprint.com,Female
710,Jerrold,Tripney,jtripneyjp@google.com.au,Male
711,Torrence,Jinks,tjinksjq@ehow.com,Male
712,Brendan,Dahlberg,bdahlbergjr@toplist.cz,Bigender
713,Levey,Frays,lfraysjs@sogou.com,Male
714,Darlleen,Cordeux,dcordeuxjt@home.pl,Female
715,Corrianne,Woloschin,cwoloschinju@instagram.com,Female
716,Olly,Biaggiotti,obiaggiottijv@google.ca,Male
717,Michaella,Lung,mlungjw@arstechnica.com,Female
718,Odelle,De Gregoli,odegregolijx@google.cn,Polygender
719,Madlen,Maycock,mmaycockjy@usa.gov,Female
720,Tiffani,MacCaffrey,tmaccaffreyjz@comcast.net,Female
721,Ettore,Demougeot,edemougeotk0@bloglines.com,Male
722,Sharron,Alman,salmank1@netscape.com,Female
723,Grazia,Clousley,gclousleyk2@gravatar.com,Female
724,Jamison,Minigo,jminigok3@feedburner.com,Male
725,Rafael,Chalkly,rchalklyk4@npr.org,Male
726,Meta,Peet,mpeetk5@tuttocitta.it,Female
727,Derwin,Hanmer,dhanmerk6@friendfeed.com,Male
728,Godfry,Lindenboim,glindenboimk7@furl.net,Male
729,Buiron,Greensides,bgreensidesk8@hc360.com,Male
730,Marabel,Garralts,mgarraltsk9@deliciousdays.com,Agender
731,Kelwin,Seeley,kseeleyka@surveymonkey.com,Male
732,Pace,MacCawley,pmaccawleykb@vk.com,Male
733,Emery,Vaszoly,evaszolykc@imgur.com,Male
734,Ronnica,Donati,rdonatikd@networkadvertising.org,Female
735,Ola,Fladgate,ofladgateke@angelfire.com,Female
736,Eleonora,Stoggles,estoggleskf@pinterest.com,Female
737,Tammie,Whibley,twhibleykg@vkontakte.ru,Male
738,Christye,Rodinger,crodingerkh@a8.net,Female
739,Robina,Tomaschke,rtomaschkeki@mayoclinic.com,Female
740,Ferdie,Diter,fditerkj@mozilla.com,Male
741,Lethia,Woodcroft,lwoodcroftkk@zdnet.com,Female
742,Garnet,Geillier,ggeillierkl@google.com.au,Female
743,Elonore,Rowett,erowettkm@tiny.cc,Female
744,Bessy,Pedri,bpedrikn@clickbank.net,Female
745,Meier,Hallede,mhalledeko@patch.com,Male
746,Katee,Denning,kdenningkp@hc360.com,Female
747,Gwendolyn,Badder,gbadderkq@taobao.com,Female
748,Isidro,Truckell,itruckellkr@un.org,Male
749,Carrissa,Gumme,cgummeks@ucsd.edu,Female
750,June,Kahan,jkahankt@utexas.edu,Female
751,Dane,Jayume,djayumeku@hatena.ne.jp,Male
752,Anatole,Josephov,ajosephovkv@fema.gov,Male
753,Killie,Draisey,kdraiseykw@topsy.com,Male
754,Collette,Gulc,cgulckx@prweb.com,Female
755,Cooper,Leversuch,cleversuchky@mayoclinic.com,Male
756,Melosa,Hopewell,mhopewellkz@usnews.com,Female
757,Marya,Jeanel,mjeanell0@bravesites.com,Female
758,Daffy,July,djulyl1@tinypic.com,Genderfluid
759,Lincoln,Chewter,lchewterl2@shutterfly.com,Male
760,Giorgia,Murison,gmurisonl3@fc2.com,Female
761,Aldus,Mapledoore,amapledoorel4@dailymail.co.uk,Male
762,Page,Wrightham,pwrighthaml5@google.it,Female
763,Aube,Elham,aelhaml6@people.com.cn,Male
764,Huey,Oldrey,holdreyl7@google.com.br,Male
765,Pearce,Doddemeede,pdoddemeedel8@amazon.de,Male
766,Ulrika,Pattesall,upattesalll9@sitemeter.com,Female
767,Chadd,MacCheyne,cmaccheynela@flickr.com,Male
768,Emmanuel,Capoun,ecapounlb@tamu.edu,Male
769,Diana,Dyball,ddyballlc@tamu.edu,Genderqueer
770,Inigo,Choldcroft,icholdcroftld@businessinsider.com,Male
771,Blondy,Phette,bphettele@feedburner.com,Female
772,Anastassia,Bingley,abingleylf@cyberchimps.com,Female
773,Jammie,Klemke,jklemkelg@huffingtonpost.com,Female
774,Raviv,Gennrich,rgennrichlh@wix.com,Male
775,Den,Balmadier,dbalmadierli@google.ru,Male
776,Issie,Ogglebie,iogglebielj@sourceforge.net,Female
777,Antin,Wilhelmy,awilhelmylk@qq.com,Male
778,Geoff,Robiot,grobiotll@slashdot.org,Male
779,Denni,Lewcock,dlewcocklm@blogger.com,Female
780,Lamond,MacCaig,lmaccaigln@stumbleupon.com,Male
781,Alfie,Sweeny,asweenylo@twitpic.com,Male
782,Penelopa,Bromet,pbrometlp@ft.com,Female
783,Isabel,Balaison,ibalaisonlq@mediafire.com,Female
784,Kathi,Lett,klettlr@google.com,Female
785,Olga,Fricke,ofrickels@livejournal.com,Female
786,Madelena,Lowde,mlowdelt@imgur.com,Female
787,Jyoti,Acedo,jacedolu@cpanel.net,Female
788,Roselia,Matushenko,rmatushenkolv@si.edu,Female
789,Noble,Ide,nidelw@usgs.gov,Male
790,Gunter,Barkus,gbarkuslx@chron.com,Male
791,Kennedy,Mosson,kmossonly@ed.gov,Male
792,Ddene,Borg-Bartolo,dborgbartololz@zdnet.com,Female
793,Mohammed,Wride,mwridem0@quantcast.com,Male
794,Glenine,Lindfors,glindforsm1@dailymotion.com,Female
795,Elmira,Minto,emintom2@cafepress.com,Female
796,Trevar,Royston,troystonm3@msu.edu,Male
797,Cally,Somner,csomnerm4@sciencedaily.com,Female
798,Judye,Currie,jcurriem5@addthis.com,Female
799,Malynda,Schach,mschachm6@photobucket.com,Female
800,Boyd,Quade,bquadem7@uiuc.edu,Male
801,Cyndi,Hassey,chasseym8@guardian.co.uk,Female
802,Sanders,Clears,sclearsm9@opera.com,Male
803,Reg,Kalf,rkalfma@macromedia.com,Male
804,Issy,Hellsdon,ihellsdonmb@furl.net,Female
805,Carolee,Meneo,cmeneomc@etsy.com,Female
806,Janine,Tenpenny,jtenpennymd@creativecommons.org,Female
807,Teressa,Mc Curlye,tmccurlyeme@yandex.ru,Female
808,Banky,Hattam,bhattammf@google.com.au,Male
809,Shoshana,Jacobsson,sjacobssonmg@wp.com,Female
810,Lenette,Riolfo,lriolfomh@blogs.com,Female
811,Cathryn,Donovin,cdonovinmi@addtoany.com,Female
812,Mufi,Weigh,mweighmj@opera.com,Female
813,Aurore,Ratnage,aratnagemk@nba.com,Female
814,Paco,Winney,pwinneyml@rakuten.co.jp,Male
815,Dorree,Rhyme,drhymemm@newsvine.com,Female
816,Sumner,Alan,salanmn@yolasite.com,Male
817,Krystalle,Clunie,kcluniemo@jalbum.net,Female
818,Adriena,Sabban,asabbanmp@bbc.co.uk,Female
819,Stevie,Hakey,shakeymq@house.gov,Polygender
820,Salomi,Stiggles,sstigglesmr@spiegel.de,Agender
821,Estelle,Rowena,erowenams@dot.gov,Female
822,Arleen,Golley,agolleymt@behance.net,Female
823,Godfry,Castangia,gcastangiamu@imgur.com,Male
824,Lizzy,Mark,lmarkmv@amazon.de,Female
825,Ogden,Coudray,ocoudraymw@privacy.gov.au,Male
826,Val,Turbill,vturbillmx@prweb.com,Female
827,Laird,Corking,lcorkingmy@wordpress.org,Male
828,Calla,A'Barrow,cabarrowmz@apache.org,Female
829,Freda,Jumeau,fjumeaun0@japanpost.jp,Female
830,Gray,Bucknall,gbucknalln1@webs.com,Female
831,Lief,Floris,lflorisn2@addtoany.com,Male
832,Robbyn,Jeffers,rjeffersn3@princeton.edu,Female
833,Gilberto,Wheaton,gwheatonn4@phoca.cz,Male
834,Irv,Blitzer,iblitzern5@diigo.com,Male
835,Winston,Burwell,wburwelln6@networksolutions.com,Male
836,Moshe,Fickling,mficklingn7@artisteer.com,Male
837,Virgina,Puller,vpullern8@tmall.com,Genderqueer
838,Tabbie,Sumpner,tsumpnern9@phoca.cz,Female
839,Bjorn,Stott,bstottna@sfgate.com,Male
840,Germaine,Aleksankov,galeksankovnb@wikispaces.com,Female
841,Viki,Van der Daal,vvanderdaalnc@so-net.ne.jp,Female
842,Jo,Banaszkiewicz,jbanaszkiewicznd@slate.com,Female
843,Priscilla,Hornig,phornigne@foxnews.com,Female
844,Lamont,Kemwal,lkemwalnf@google.com.br,Male
845,Jaquenetta,Paullin,jpaullinng@amazonaws.com,Female
846,Deonne,Tresvina,dtresvinanh@networksolutions.com,Agender
847,Blondelle,Clohessy,bclohessyni@imdb.com,Female
848,Babbie,Sandison,bsandisonnj@moonfruit.com,Female
849,Vickie,Willden,vwilldennk@jigsy.com,Female
850,Virginie,Marner,vmarnernl@statcounter.com,Female
851,Loree,Daulby,ldaulbynm@cocolog-nifty.com,Polygender
852,Silvain,Zambon,szambonnn@fda.gov,Male
853,Livvyy,Hurdidge,lhurdidgeno@cyberchimps.com,Female
854,Lydie,Chifney,lchifneynp@studiopress.com,Female
855,Georg,Meneur,gmeneurnq@homestead.com,Male
856,Salmon,Macklin,smacklinnr@pbs.org,Male
857,Rubi,Summersby,rsummersbyns@google.nl,Female
858,Florinda,Rebichon,frebichonnt@shinystat.com,Genderfluid
859,Sinclair,Eary,searynu@devhub.com,Male
860,Kiri,Radloff,kradloffnv@privacy.gov.au,Female
861,Hagen,Martugin,hmartuginnw@salon.com,Male
862,Noelle,Rossander,nrossandernx@a8.net,Female
863,Dane,Vere,dvereny@mediafire.com,Male
864,Robena,Muncaster,rmuncasternz@washington.edu,Female
865,Sly,Pfeuffer,spfeuffero0@photobucket.com,Male
866,Theresa,Hazeldean,thazeldeano1@google.it,Female
867,Cynthea,O'Meara,comearao2@virginia.edu,Female
868,Claresta,Matskiv,cmatskivo3@smugmug.com,Female
869,Kelvin,Croyden,kcroydeno4@answers.com,Male
870,Zenia,Morbey,zmorbeyo5@360.cn,Female
871,Ardelle,Geroldo,ageroldoo6@nature.com,Female
872,Amelia,Wessell,awessello7@plala.or.jp,Female
873,Lacee,Bridger,lbridgero8@miitbeian.gov.cn,Female
874,Monica,Bowlas,mbowlaso9@etsy.com,Female
875,Arabella,Lydden,alyddenoa@jimdo.com,Female
876,Bernadene,Southouse,bsouthouseob@forbes.com,Female
877,Cilka,MacFaell,cmacfaelloc@oracle.com,Female
878,Aristotle,Tettley,atettleyod@vimeo.com,Male
879,August,Loreit,aloreitoe@elpais.com,Male
880,Emery,Leftwich,eleftwichof@w3.org,Male
881,Mignonne,Pioch,mpiochog@weebly.com,Female
882,Ferd,Siggers,fsiggersoh@china.com.cn,Male
883,Jillian,Tytherton,jtythertonoi@technorati.com,Female
884,Loydie,O'Malley,lomalleyoj@canalblog.com,Male
885,Frankie,Bastow,fbastowok@devhub.com,Male
886,Christabel,Glidden,cgliddenol@spotify.com,Female
887,Maryl,Hadlee,mhadleeom@blog.com,Female
888,Roselin,Stadding,rstaddingon@go.com,Female
889,Zea,Burnhill,zburnhilloo@parallels.com,Female
890,Ringo,Kowalik,rkowalikop@disqus.com,Genderqueer
891,Ade,Feore,afeoreoq@so-net.ne.jp,Male
892,Yorker,Britee,ybriteeor@cdc.gov,Male
893,Aguistin,MacGiolla Pheadair,amacgiollapheadairos@elpais.com,Male
894,Minor,Quilter,mquilterot@arizona.edu,Male
895,Zerk,Daveran,zdaveranou@miibeian.gov.cn,Male
896,Sabra,Verma,svermaov@amazon.co.jp,Female
897,Tadeo,Sotheby,tsothebyow@fda.gov,Male
898,Livvy,Killock,lkillockox@google.co.jp,Female
899,Geoffrey,Cheine,gcheineoy@tmall.com,Male
900,Theodoric,Solano,tsolanooz@usatoday.com,Male
901,Carmel,Shout,cshoutp0@cbc.ca,Female
902,Gianni,Roycraft,groycraftp1@dion.ne.jp,Male
903,Jeffy,Guerreru,jguerrerup2@indiegogo.com,Male
904,Gina,Itzkovici,gitzkovicip3@tripod.com,Female
905,Theodora,Wardhough,twardhoughp4@amazon.com,Female
906,Homerus,Geelan,hgeelanp5@bloomberg.com,Male
907,Antonietta,Eefting,aeeftingp6@macromedia.com,Female
908,Gregg,Dorney,gdorneyp7@oracle.com,Polygender
909,Felipa,Grossier,fgrossierp8@smugmug.com,Female
910,Berkeley,Fullerton,bfullertonp9@zdnet.com,Genderqueer
911,Shirley,Fassbender,sfassbenderpa@mediafire.com,Female
912,Lawrence,Balser,lbalserpb@wix.com,Male
913,Nobie,Gillion,ngillionpc@theglobeandmail.com,Male
914,Brodie,Novak,bnovakpd@woothemes.com,Male
915,Nevins,Sacks,nsackspe@wikispaces.com,Male
916,Edie,Benedettini,ebenedettinipf@apple.com,Female
917,Wilbur,Watkin,wwatkinpg@diigo.com,Male
918,Arlyne,Lourens,alourensph@mapy.cz,Female
919,Bran,McAleese,bmcaleesepi@skype.com,Male
920,Kaleb,Grimston,kgrimstonpj@zdnet.com,Male
921,Rawley,Guido,rguidopk@meetup.com,Male
922,Malinde,Hosby,mhosbypl@lycos.com,Female
923,Correy,Marian,cmarianpm@tripadvisor.com,Female
924,Geneva,MacEvilly,gmacevillypn@time.com,Genderqueer
925,Dene,Budik,dbudikpo@networkadvertising.org,Male
926,Normie,Scola,nscolapp@exblog.jp,Male
927,Rosetta,Cork,rcorkpq@etsy.com,Female
928,Gale,Ventum,gventumpr@aol.com,Male
929,Sinclair,Vinnicombe,svinnicombeps@behance.net,Male
930,Brandyn,MacAleese,bmacaleesept@omniture.com,Male
931,Nance,Batte,nbattepu@merriam-webster.com,Female
932,Marcos,Coweuppe,mcoweuppepv@issuu.com,Male
933,Myrna,Blew,mblewpw@un.org,Female
934,Reidar,Diehn,rdiehnpx@techcrunch.com,Male
935,Lezley,Slayford,lslayfordpy@sourceforge.net,Bigender
936,Oswell,Studart,ostudartpz@sakura.ne.jp,Male
937,Regen,Brimicombe,rbrimicombeq0@youtube.com,Male
938,Griselda,Halsey,ghalseyq1@techcrunch.com,Polygender
939,Gilbert,Beckworth,gbeckworthq2@msu.edu,Male
940,Kipper,Poznanski,kpoznanskiq3@yandex.ru,Male
941,Gage,Abbott,gabbottq4@abc.net.au,Male
942,Neall,Hanham,nhanhamq5@typepad.com,Agender
943,Melisandra,Vanyukhin,mvanyukhinq6@fastcompany.com,Female
944,Zora,Edmons,zedmonsq7@cloudflare.com,Female
945,Gisela,Wimlet,gwimletq8@weather.com,Female
946,Ermengarde,Le Grove,elegroveq9@adobe.com,Female
947,Robyn,Willoway,rwillowayqa@loc.gov,Female
948,Pattie,Schiell,pschiellqb@webmd.com,Female
949,Abbie,Harlett,aharlettqc@weebly.com,Female
950,Marlow,Gertz,mgertzqd@instagram.com,Male
951,Sergio,Ruperto,srupertoqe@sogou.com,Male
952,Alexandr,Creasey,acreaseyqf@hp.com,Male
953,Kelsy,Lindley,klindleyqg@epa.gov,Female
954,Ollie,Swatman,oswatmanqh@soup.io,Male
955,Seth,McLoney,smcloneyqi@reverbnation.com,Male
956,Sanson,Colafate,scolafateqj@homestead.com,Male
957,Faustina,Mullin,fmullinqk@google.ca,Female
958,Stuart,Laborda,slabordaql@reuters.com,Male
959,Jermaine,Faragher,jfaragherqm@cornell.edu,Male
960,Carlos,Rudgard,crudgardqn@jimdo.com,Male
961,Gunther,Twiggs,gtwiggsqo@amazonaws.com,Male
962,Erick,Nealy,enealyqp@instagram.com,Male
963,Mattie,Alves,malvesqq@jimdo.com,Female
964,Obadias,Steuart,osteuartqr@forbes.com,Agender
965,Elwood,Newlove,enewloveqs@blogtalkradio.com,Genderfluid
966,Arnoldo,Hamilton,ahamiltonqt@statcounter.com,Male
967,Caitlin,Parriss,cparrissqu@miitbeian.gov.cn,Female
968,Kendal,Antrobus,kantrobusqv@youtube.com,Male
969,Colleen,Cromett,ccromettqw@nymag.com,Female
970,Harwilll,Crenage,hcrenageqx@si.edu,Male
971,Elisabeth,Allward,eallwardqy@sun.com,Female
972,Wyatt,Mounce,wmounceqz@arstechnica.com,Male
973,Marika,Crosseland,mcrosselandr0@amazon.de,Female
974,Alfred,Mauchlen,amauchlenr1@shinystat.com,Male
975,Mirabella,Beddow,mbeddowr2@usda.gov,Female
976,Nalani,Buxcy,nbuxcyr3@moonfruit.com,Female
977,Donal,Domerque,ddomerquer4@webs.com,Male
978,Roderigo,Sawart,rsawartr5@github.io,Male
979,Cordy,Lalevee,claleveer6@4shared.com,Female
980,Brigida,Marfe,bmarfer7@mail.ru,Non_binary
981,Darrick,Laurentin,dlaurentinr8@hatena.ne.jp,Male
982,Emilio,Breslauer,ebreslauerr9@amazon.de,Male
983,Conway,Cowherd,ccowherdra@cargocollective.com,Male
984,Mathian,Hatchard,mhatchardrb@forbes.com,Male
985,Tamas,Tossell,ttossellrc@youtu.be,Agender
986,Devlin,Bassilashvili,dbassilashvilird@nymag.com,Male
987,Emlynne,Fullstone,efullstonere@list-manage.com,Female
988,Benoite,Locket,blocketrf@yolasite.com,Female
989,Billy,Berge,bbergerg@photobucket.com,Female
990,Kirsti,Sayton,ksaytonrh@cnbc.com,Female
991,Analiese,Jeremiah,ajeremiahri@bbb.org,Female
992,Evyn,Tingcomb,etingcombrj@zimbio.com,Male
993,Meredeth,Redgrave,mredgraverk@pinterest.com,Male
994,Vivianne,Usborn,vusbornrl@boston.com,Female
995,Sheffy,Revett,srevettrm@liveinternet.ru,Male
996,Pru,Pease,ppeasern@gravatar.com,Female
997,Andra,Fifield,afifieldro@privacy.gov.au,Female
998,Ado,Ainsworth,aainsworthrp@wix.com,Male
999,Duncan,Galbraeth,dgalbraethrq@bluehost.com,Male
1000,Viviana,Ranshaw,vranshawrr@jimdo.com,Female
